TiaGitHubHash,TiaMetaInfo,TiaVstsHash,TiaRuntime,TiaTotalTests,TiaNumberOfUnAnalyzedTests,TiaNumberofTestsPassed,TiaNumberOfTestsFailed,TiaNumberOfTestsSkipped,TiaTotalNumberOfTestRun,TiaPercentageOfTestsRun,RetestAllGitHubHash,RetestAllMetaInfo,RetestAllVstsHash,RetestAllRuntime,RetestAllTotalTests,RetestAllNumberOfUnAnalyzedTests,RetestAllNumberofTestsPassed,RetestAllNumberOfTestsFailed,RetestAllNumberOfTestsSkipped,RetestAllTotalNumberOfTestRun,RetestAllPercentageOfTestsRun,ESharpGitHubHash,ESharpMetaInfo,ESharpVstsHash,ESharpRuntime,ESharpTotalTests,ESharpNumberOfUnAnalyzedTests,ESharpNumberofTestsPassed,ESharpNumberOfTestsFailed,ESharpNumberOfTestsSkipped,ESharpTotalNumberOfTestRun,ESharpPercentageOfTestsRun
7f241d7aef3c5285cefd3934c54b11d0c2d0c5ed,00d5f3e 329 commits back from current GitHub head Hash:7f241d7aef3c5285cefd3934c54b11d0c2d0c5ed,,22.58,2510,2318,191,0,0,191,0.0760956175298805,7f241d7aef3c5285cefd3934c54b11d0c2d0c5ed,00d5f3e 329 commits back from current GitHub head Hash:7f241d7aef3c5285cefd3934c54b11d0c2d0c5ed,,24.196,2319,1,2317,0,0,2317,0.999137559292799,7f241d7aef3c5285cefd3934c54b11d0c2d0c5ed,329_7f241d7aef3c5285cefd3934c54b11d0c2d0c5ed_Results,,0.006,2132,2132,0,0,0,0,0
f2f87880be8e9609833f9b30e4ab851a49f30d37,00da0e4 391 commits back from current GitHub head Hash:f2f87880be8e9609833f9b30e4ab851a49f30d37,,33.874,2427,2055,371,0,0,371,0.15286361763494,f2f87880be8e9609833f9b30e4ab851a49f30d37,00da0e4 391 commits back from current GitHub head Hash:f2f87880be8e9609833f9b30e4ab851a49f30d37,,41.77,2236,1,2234,0,0,2234,0.999105545617174,f2f87880be8e9609833f9b30e4ab851a49f30d37,391_f2f87880be8e9609833f9b30e4ab851a49f30d37_Results,,2.813,2049,1870,179,0,0,179,0.0873596876525134
00e75556a64677e916fabb69383312f72f8e04f3,042aa90 379 commits back from current GitHub head Hash:00e75556a64677e916fabb69383312f72f8e04f3,,23.87,2440,2248,191,0,0,191,0.0782786885245902,00e75556a64677e916fabb69383312f72f8e04f3,042aa90 379 commits back from current GitHub head Hash:00e75556a64677e916fabb69383312f72f8e04f3,,26.55,2249,1,2247,0,0,2247,0.999110715873722,00e75556a64677e916fabb69383312f72f8e04f3,379_00e75556a64677e916fabb69383312f72f8e04f3_Results,,0.006,2062,2062,0,0,0,0,0
3773eb5be78a112da5d5e5733a3a524684cd606f,074c0ae 383 commits back from current GitHub head Hash:3773eb5be78a112da5d5e5733a3a524684cd606f,,120.973,2438,725,1712,0,0,1712,0.702214930270714,3773eb5be78a112da5d5e5733a3a524684cd606f,074c0ae 383 commits back from current GitHub head Hash:3773eb5be78a112da5d5e5733a3a524684cd606f,,27.903,2247,1,2245,0,0,2245,0.999109924343569,3773eb5be78a112da5d5e5733a3a524684cd606f,383_3773eb5be78a112da5d5e5733a3a524684cd606f_Results,,28.899,2060,160,1893,7,0,1900,0.922330097087379
78f5587403b3f5ed26306d570eac237089a9bfd3,07c937a 365 commits back from current GitHub head Hash:78f5587403b3f5ed26306d570eac237089a9bfd3,,44.217,2480,1924,555,0,0,555,0.223790322580645,78f5587403b3f5ed26306d570eac237089a9bfd3,07c937a 365 commits back from current GitHub head Hash:78f5587403b3f5ed26306d570eac237089a9bfd3,,24.57,2289,1,2287,0,0,2287,0.99912625600699,78f5587403b3f5ed26306d570eac237089a9bfd3,365_78f5587403b3f5ed26306d570eac237089a9bfd3_Results,,5.954,2102,1738,363,1,0,364,0.173168411037108
a31c30d50a748cb57eaf4fdd76048c39af1010bc,0c4a392 359 commits back from current GitHub head Hash:a31c30d50a748cb57eaf4fdd76048c39af1010bc,,56.387,2486,1800,685,0,0,685,0.275543041029767,a31c30d50a748cb57eaf4fdd76048c39af1010bc,0c4a392 359 commits back from current GitHub head Hash:a31c30d50a748cb57eaf4fdd76048c39af1010bc,,24.527,2295,1,2293,0,0,2293,0.999128540305011,a31c30d50a748cb57eaf4fdd76048c39af1010bc,359_a31c30d50a748cb57eaf4fdd76048c39af1010bc_Results,,24.13,2108,480,1621,7,0,1628,0.772296015180266
327376218ba0f2e2c932174db495cb9ed49cfe42,0c87e73 366 commits back from current GitHub head Hash:327376218ba0f2e2c932174db495cb9ed49cfe42,,21.647,2479,2287,191,0,0,191,0.0770471964501815,327376218ba0f2e2c932174db495cb9ed49cfe42,0c87e73 366 commits back from current GitHub head Hash:327376218ba0f2e2c932174db495cb9ed49cfe42,,25.68,2288,1,2286,0,0,2286,0.999125874125874,327376218ba0f2e2c932174db495cb9ed49cfe42,366_327376218ba0f2e2c932174db495cb9ed49cfe42_Results,,0.006,2101,2101,0,0,0,0,0
38a687f68395026100d9ee3b22b10ec1b696a914,0cba81d 301 commits back from current GitHub head Hash:38a687f68395026100d9ee3b22b10ec1b696a914,,84.66,2569,1176,1392,0,0,1392,0.541845075905021,38a687f68395026100d9ee3b22b10ec1b696a914,0cba81d 301 commits back from current GitHub head Hash:38a687f68395026100d9ee3b22b10ec1b696a914,,24.82,2378,1,2376,0,0,2376,0.999158957106812,38a687f68395026100d9ee3b22b10ec1b696a914,301_38a687f68395026100d9ee3b22b10ec1b696a914_Results,,28.792,2191,220,1964,7,0,1971,0.899589228662711
0c5b72a52111095b84829dc7aae6291b250e1971,0dd0351 377 commits back from current GitHub head Hash:0c5b72a52111095b84829dc7aae6291b250e1971,,80.48,2441,1188,1252,0,0,1252,0.512904547316673,0c5b72a52111095b84829dc7aae6291b250e1971,0dd0351 377 commits back from current GitHub head Hash:0c5b72a52111095b84829dc7aae6291b250e1971,,26.993,2250,1,2248,0,0,2248,0.999111111111111,0c5b72a52111095b84829dc7aae6291b250e1971,377_0c5b72a52111095b84829dc7aae6291b250e1971_Results,,0.006,2063,2063,0,0,0,0,0
b24be98fccd5f12dca12c8fa1c54f75a4307e201,1042be2 340 commits back from current GitHub head Hash:b24be98fccd5f12dca12c8fa1c54f75a4307e201,,27.324,2496,2236,259,0,0,259,0.103766025641026,b24be98fccd5f12dca12c8fa1c54f75a4307e201,1042be2 340 commits back from current GitHub head Hash:b24be98fccd5f12dca12c8fa1c54f75a4307e201,,25.623,2305,1,2303,0,0,2303,0.999132321041215,b24be98fccd5f12dca12c8fa1c54f75a4307e201,340_b24be98fccd5f12dca12c8fa1c54f75a4307e201_Results,,1.181,2118,2050,68,0,0,68,0.0321057601510859
1ada613903977578364d68f580e787b638a391c9,128c31d 374 commits back from current GitHub head Hash:1ada613903977578364d68f580e787b638a391c9,,78.603,2442,1263,1178,0,0,1178,0.482391482391482,1ada613903977578364d68f580e787b638a391c9,128c31d 374 commits back from current GitHub head Hash:1ada613903977578364d68f580e787b638a391c9,,25.423,2251,1,2249,0,0,2249,0.999111505997335,1ada613903977578364d68f580e787b638a391c9,374_1ada613903977578364d68f580e787b638a391c9_Results,,5.108,2064,1710,353,1,0,354,0.171511627906977
e8f4a3b651af0cafc863cf6a4c7ec9c3e2088222,150e7e6 330 commits back from current GitHub head Hash:e8f4a3b651af0cafc863cf6a4c7ec9c3e2088222,,76.863,2510,1190,1319,0,0,1319,0.525498007968128,e8f4a3b651af0cafc863cf6a4c7ec9c3e2088222,150e7e6 330 commits back from current GitHub head Hash:e8f4a3b651af0cafc863cf6a4c7ec9c3e2088222,,23.983,2319,1,2317,0,0,2317,0.999137559292799,e8f4a3b651af0cafc863cf6a4c7ec9c3e2088222,330_e8f4a3b651af0cafc863cf6a4c7ec9c3e2088222_Results,,1.067,2132,2104,28,0,0,28,0.0131332082551595
2fe789f8126eaac2a1f63f4d677c83d0a3d0ace1,150f8dc 323 commits back from current GitHub head Hash:2fe789f8126eaac2a1f63f4d677c83d0a3d0ace1,,21.153,2542,2350,191,0,0,191,0.0751376868607396,2fe789f8126eaac2a1f63f4d677c83d0a3d0ace1,150f8dc 323 commits back from current GitHub head Hash:2fe789f8126eaac2a1f63f4d677c83d0a3d0ace1,,24.334,2351,1,2349,0,0,2349,0.999149298170991,2fe789f8126eaac2a1f63f4d677c83d0a3d0ace1,323_2fe789f8126eaac2a1f63f4d677c83d0a3d0ace1_Results,,0.01,2164,2164,0,0,0,0,0
5b04a61dd9b5782af45842da254f15bf3cbfd0b7,16c4623 335 commits back from current GitHub head Hash:5b04a61dd9b5782af45842da254f15bf3cbfd0b7,,81.52,2504,1061,1442,0,0,1442,0.575878594249201,5b04a61dd9b5782af45842da254f15bf3cbfd0b7,16c4623 335 commits back from current GitHub head Hash:5b04a61dd9b5782af45842da254f15bf3cbfd0b7,,23.966,2313,1,2311,0,0,2311,0.999135322092521,5b04a61dd9b5782af45842da254f15bf3cbfd0b7,335_5b04a61dd9b5782af45842da254f15bf3cbfd0b7_Results,,37.411,2126,197,1922,7,0,1929,0.907337723424271
fc06cd918ca60b77b167008576b210d000f59988,1b11991 367 commits back from current GitHub head Hash:fc06cd918ca60b77b167008576b210d000f59988,,25.793,2479,2240,238,0,0,238,0.0960064542154094,fc06cd918ca60b77b167008576b210d000f59988,1b11991 367 commits back from current GitHub head Hash:fc06cd918ca60b77b167008576b210d000f59988,,24.997,2288,1,2286,0,0,2286,0.999125874125874,fc06cd918ca60b77b167008576b210d000f59988,367_fc06cd918ca60b77b167008576b210d000f59988_Results,,0.829,2101,2054,47,0,0,47,0.0223702998572109
865c08d95d89565b4f6b463b57da8f5324f6ce7c,1bdd8b9 375 commits back from current GitHub head Hash:865c08d95d89565b4f6b463b57da8f5324f6ce7c,,24.68,2441,2249,191,0,0,191,0.0782466202376075,865c08d95d89565b4f6b463b57da8f5324f6ce7c,1bdd8b9 375 commits back from current GitHub head Hash:865c08d95d89565b4f6b463b57da8f5324f6ce7c,,25.11,2250,1,2248,0,0,2248,0.999111111111111,865c08d95d89565b4f6b463b57da8f5324f6ce7c,375_865c08d95d89565b4f6b463b57da8f5324f6ce7c_Results,,0.006,2063,2063,0,0,0,0,0
fe941a1492466f44c0ccfbede78bc426c2c299e8,1ce1b08 320 commits back from current GitHub head Hash:fe941a1492466f44c0ccfbede78bc426c2c299e8,,21.957,2542,2350,191,0,0,191,0.0751376868607396,fe941a1492466f44c0ccfbede78bc426c2c299e8,1ce1b08 320 commits back from current GitHub head Hash:fe941a1492466f44c0ccfbede78bc426c2c299e8,,24.377,2351,1,2349,0,0,2349,0.999149298170991,fe941a1492466f44c0ccfbede78bc426c2c299e8,320_fe941a1492466f44c0ccfbede78bc426c2c299e8_Results,,0.006,2164,2164,0,0,0,0,0
092dc7da58dc1af088a83b6537d7b2e8527b3de3,206661f 334 commits back from current GitHub head Hash:092dc7da58dc1af088a83b6537d7b2e8527b3de3,,61.643,2506,1561,944,0,0,944,0.376695929768555,092dc7da58dc1af088a83b6537d7b2e8527b3de3,206661f 334 commits back from current GitHub head Hash:092dc7da58dc1af088a83b6537d7b2e8527b3de3,,23.73,2315,1,2313,0,0,2313,0.999136069114471,092dc7da58dc1af088a83b6537d7b2e8527b3de3,334_092dc7da58dc1af088a83b6537d7b2e8527b3de3_Results,,28.728,2128,318,1803,7,0,1810,0.850563909774436
04c0e318becf250355e79b681f45031c6db3f117,20a74a2 398 commits back from current GitHub head Hash:04c0e318becf250355e79b681f45031c6db3f117,,103.48,2423,1286,1136,0,0,1136,0.46884028064383,04c0e318becf250355e79b681f45031c6db3f117,20a74a2 398 commits back from current GitHub head Hash:04c0e318becf250355e79b681f45031c6db3f117,,41.607,2232,1,2230,0,0,2230,0.99910394265233,04c0e318becf250355e79b681f45031c6db3f117,398_04c0e318becf250355e79b681f45031c6db3f117_Results,,53.583,2045,292,1745,8,0,1753,0.85721271393643
f5fbd6fd3c29af44764b184a2a3cec377e208a6c,20b4534 354 commits back from current GitHub head Hash:f5fbd6fd3c29af44764b184a2a3cec377e208a6c,,55.256,2487,1752,734,0,0,734,0.2951347004423,f5fbd6fd3c29af44764b184a2a3cec377e208a6c,20b4534 354 commits back from current GitHub head Hash:f5fbd6fd3c29af44764b184a2a3cec377e208a6c,,25.187,2296,1,2294,0,0,2294,0.999128919860627,f5fbd6fd3c29af44764b184a2a3cec377e208a6c,354_f5fbd6fd3c29af44764b184a2a3cec377e208a6c_Results,,25.092,2109,309,1793,7,0,1800,0.85348506401138
ad7752fedfeff0e8ab969875335db51bf1e0f5a0,243885b 333 commits back from current GitHub head Hash:ad7752fedfeff0e8ab969875335db51bf1e0f5a0,,24.784,2507,2262,244,0,0,244,0.0973274830474671,ad7752fedfeff0e8ab969875335db51bf1e0f5a0,243885b 333 commits back from current GitHub head Hash:ad7752fedfeff0e8ab969875335db51bf1e0f5a0,,23.994,2316,1,2314,0,0,2314,0.999136442141623,ad7752fedfeff0e8ab969875335db51bf1e0f5a0,333_ad7752fedfeff0e8ab969875335db51bf1e0f5a0_Results,,1.196,2129,2076,53,0,0,53,0.0248943165805543
ce2a08dba228341742d96e8c8edfede6748d5bdc,24d88ed 378 commits back from current GitHub head Hash:ce2a08dba228341742d96e8c8edfede6748d5bdc,,128.756,2441,192,2248,0,0,2248,0.920934043424826,ce2a08dba228341742d96e8c8edfede6748d5bdc,24d88ed 378 commits back from current GitHub head Hash:ce2a08dba228341742d96e8c8edfede6748d5bdc,,24.41,2250,1,2248,0,0,2248,0.999111111111111,ce2a08dba228341742d96e8c8edfede6748d5bdc,378_ce2a08dba228341742d96e8c8edfede6748d5bdc_Results,,28.861,2063,16,2040,7,0,2047,0.992244304411052
6d7ac143134850c8ecfc1d20403cd3c16e23cff1,279082d 303 commits back from current GitHub head Hash:6d7ac143134850c8ecfc1d20403cd3c16e23cff1,,65.577,2569,1484,1084,0,0,1084,0.421954067730634,6d7ac143134850c8ecfc1d20403cd3c16e23cff1,279082d 303 commits back from current GitHub head Hash:6d7ac143134850c8ecfc1d20403cd3c16e23cff1,,24.737,2378,1,2376,0,0,2376,0.999158957106812,6d7ac143134850c8ecfc1d20403cd3c16e23cff1,303_6d7ac143134850c8ecfc1d20403cd3c16e23cff1_Results,,25.952,2191,370,1814,7,0,1821,0.83112733911456
e625bcc5b48e1f7c9a40927a734f431673b1d866,2a9251d 380 commits back from current GitHub head Hash:e625bcc5b48e1f7c9a40927a734f431673b1d866,,23.303,2440,2248,191,0,0,191,0.0782786885245902,e625bcc5b48e1f7c9a40927a734f431673b1d866,2a9251d 380 commits back from current GitHub head Hash:e625bcc5b48e1f7c9a40927a734f431673b1d866,,24.504,2249,1,2247,0,0,2247,0.999110715873722,e625bcc5b48e1f7c9a40927a734f431673b1d866,380_e625bcc5b48e1f7c9a40927a734f431673b1d866_Results,,0.006,2062,2062,0,0,0,0,0
24f230c1823fa2bdcdfb098b2eae8086aa759a30,2ead3d7 393 commits back from current GitHub head Hash:24f230c1823fa2bdcdfb098b2eae8086aa759a30,,97.144,2424,1285,1138,0,0,1138,0.469471947194719,24f230c1823fa2bdcdfb098b2eae8086aa759a30,2ead3d7 393 commits back from current GitHub head Hash:24f230c1823fa2bdcdfb098b2eae8086aa759a30,,41.854,2233,1,2231,0,0,2231,0.99910434393193,24f230c1823fa2bdcdfb098b2eae8086aa759a30,393_24f230c1823fa2bdcdfb098b2eae8086aa759a30_Results,,50.943,2046,292,1746,8,0,1754,0.857282502443793
6a4eca008feb1b87cae19500e40a7c3ad9077461,325b392 342 commits back from current GitHub head Hash:6a4eca008feb1b87cae19500e40a7c3ad9077461,,82.246,2494,1231,1262,0,0,1262,0.506014434643144,6a4eca008feb1b87cae19500e40a7c3ad9077461,325b392 342 commits back from current GitHub head Hash:6a4eca008feb1b87cae19500e40a7c3ad9077461,,25.507,2303,1,2301,0,0,2301,0.999131567520625,6a4eca008feb1b87cae19500e40a7c3ad9077461,342_6a4eca008feb1b87cae19500e40a7c3ad9077461_Results,,26.85,2116,331,1778,7,0,1785,0.843572778827977
f95a90893b2fcfcee14812ff3ba3d218ee70c306,3d8c10e 394 commits back from current GitHub head Hash:f95a90893b2fcfcee14812ff3ba3d218ee70c306,,108.634,2423,1182,1240,0,0,1240,0.511762278167561,f95a90893b2fcfcee14812ff3ba3d218ee70c306,3d8c10e 394 commits back from current GitHub head Hash:f95a90893b2fcfcee14812ff3ba3d218ee70c306,,41.5,2232,1,2230,0,0,2230,0.99910394265233,f95a90893b2fcfcee14812ff3ba3d218ee70c306,394_f95a90893b2fcfcee14812ff3ba3d218ee70c306_Results,,54.634,2045,227,1810,8,0,1818,0.888997555012225
73dd434d73050748237d908c89d548456aa0dbdd,415b1eb 328 commits back from current GitHub head Hash:73dd434d73050748237d908c89d548456aa0dbdd,,21.59,2510,2318,191,0,0,191,0.0760956175298805,73dd434d73050748237d908c89d548456aa0dbdd,415b1eb 328 commits back from current GitHub head Hash:73dd434d73050748237d908c89d548456aa0dbdd,,23.884,2319,1,2317,0,0,2317,0.999137559292799,73dd434d73050748237d908c89d548456aa0dbdd,328_73dd434d73050748237d908c89d548456aa0dbdd_Results,,0.006,2132,2132,0,0,0,0,0
cdecb7091538b82c9088e635322ab5c59015c39c,43ac672 327 commits back from current GitHub head Hash:cdecb7091538b82c9088e635322ab5c59015c39c,,21.6,2510,2318,191,0,0,191,0.0760956175298805,cdecb7091538b82c9088e635322ab5c59015c39c,43ac672 327 commits back from current GitHub head Hash:cdecb7091538b82c9088e635322ab5c59015c39c,,23.907,2319,1,2317,0,0,2317,0.999137559292799,cdecb7091538b82c9088e635322ab5c59015c39c,327_cdecb7091538b82c9088e635322ab5c59015c39c_Results,,0.006,2132,2132,0,0,0,0,0
310769995af0078fbc6eed4886de32e46f2d6acc,44a6d21 351 commits back from current GitHub head Hash:310769995af0078fbc6eed4886de32e46f2d6acc,,110.327,2487,772,1714,0,0,1714,0.689183755528749,310769995af0078fbc6eed4886de32e46f2d6acc,44a6d21 351 commits back from current GitHub head Hash:310769995af0078fbc6eed4886de32e46f2d6acc,,25.29,2296,1,2294,0,0,2294,0.999128919860627,310769995af0078fbc6eed4886de32e46f2d6acc,351_310769995af0078fbc6eed4886de32e46f2d6acc_Results,,31.184,2109,280,1822,7,0,1829,0.867235656709341
68fa401d70fae728d4b6eef9e58b6cf4f11742a3,4961993 388 commits back from current GitHub head Hash:68fa401d70fae728d4b6eef9e58b6cf4f11742a3,,22.667,2403,2211,191,0,0,191,0.0794839783603829,68fa401d70fae728d4b6eef9e58b6cf4f11742a3,4961993 388 commits back from current GitHub head Hash:68fa401d70fae728d4b6eef9e58b6cf4f11742a3,,25.93,2212,1,2210,0,0,2210,0.999095840867993,68fa401d70fae728d4b6eef9e58b6cf4f11742a3,388_68fa401d70fae728d4b6eef9e58b6cf4f11742a3_Results,,0.006,2025,2025,0,0,0,0,0
795ef28e0ab1de4a2e9582be1f4e43555a7e5920,4de1d8a 346 commits back from current GitHub head Hash:795ef28e0ab1de4a2e9582be1f4e43555a7e5920,,67.907,2488,1518,969,0,0,969,0.389469453376206,795ef28e0ab1de4a2e9582be1f4e43555a7e5920,4de1d8a 346 commits back from current GitHub head Hash:795ef28e0ab1de4a2e9582be1f4e43555a7e5920,,24.373,2297,1,2295,0,0,2295,0.999129299085764,795ef28e0ab1de4a2e9582be1f4e43555a7e5920,346_795ef28e0ab1de4a2e9582be1f4e43555a7e5920_Results,,29.59,2110,317,1786,7,0,1793,0.849763033175355
9021858293cd3b77b6ec5b9009b3fe9968c0470a,4e313eb 373 commits back from current GitHub head Hash:9021858293cd3b77b6ec5b9009b3fe9968c0470a,,108.826,2452,700,1751,0,0,1751,0.714110929853181,9021858293cd3b77b6ec5b9009b3fe9968c0470a,4e313eb 373 commits back from current GitHub head Hash:9021858293cd3b77b6ec5b9009b3fe9968c0470a,,25.43,2261,1,2259,0,0,2259,0.999115435647943,9021858293cd3b77b6ec5b9009b3fe9968c0470a,373_9021858293cd3b77b6ec5b9009b3fe9968c0470a_Results,,29.826,2074,149,1918,7,0,1925,0.928158148505304
95d8537ae459e67ae13fea79906fb384d76528a2,4ec9d12 358 commits back from current GitHub head Hash:95d8537ae459e67ae13fea79906fb384d76528a2,,68.323,2486,1561,924,0,0,924,0.371681415929204,95d8537ae459e67ae13fea79906fb384d76528a2,4ec9d12 358 commits back from current GitHub head Hash:95d8537ae459e67ae13fea79906fb384d76528a2,,26.186,2295,1,2293,0,0,2293,0.999128540305011,95d8537ae459e67ae13fea79906fb384d76528a2,358_95d8537ae459e67ae13fea79906fb384d76528a2_Results,,0.006,2108,2108,0,0,0,0,0
1c4160cd844eccb8dfa808e1f636e088fefdc79e,52652a2 326 commits back from current GitHub head Hash:1c4160cd844eccb8dfa808e1f636e088fefdc79e,,77.01,2514,1201,1312,0,0,1312,0.521877486077963,1c4160cd844eccb8dfa808e1f636e088fefdc79e,52652a2 326 commits back from current GitHub head Hash:1c4160cd844eccb8dfa808e1f636e088fefdc79e,,23.96,2323,1,2321,0,0,2321,0.999139044339217,1c4160cd844eccb8dfa808e1f636e088fefdc79e,326_1c4160cd844eccb8dfa808e1f636e088fefdc79e_Results,,25.817,2136,217,1912,7,0,1919,0.898408239700375
eacb191f97cf460934d61d0a62ae8d3680c70528,57384e4 353 commits back from current GitHub head Hash:eacb191f97cf460934d61d0a62ae8d3680c70528,,27.797,2487,2278,208,0,0,208,0.0836349014877362,eacb191f97cf460934d61d0a62ae8d3680c70528,57384e4 353 commits back from current GitHub head Hash:eacb191f97cf460934d61d0a62ae8d3680c70528,,25.117,2296,1,2294,0,0,2294,0.999128919860627,eacb191f97cf460934d61d0a62ae8d3680c70528,353_eacb191f97cf460934d61d0a62ae8d3680c70528_Results,,0.607,2109,2089,20,0,0,20,0.00948316737790422
55c87a0e7354a369422b11b5bb2bfd885b13a237,573aed9 343 commits back from current GitHub head Hash:55c87a0e7354a369422b11b5bb2bfd885b13a237,,68.426,2494,1432,1061,0,0,1061,0.42542101042502,55c87a0e7354a369422b11b5bb2bfd885b13a237,573aed9 343 commits back from current GitHub head Hash:55c87a0e7354a369422b11b5bb2bfd885b13a237,,25.313,2303,1,2301,0,0,2301,0.999131567520625,55c87a0e7354a369422b11b5bb2bfd885b13a237,343_55c87a0e7354a369422b11b5bb2bfd885b13a237_Results,,6.899,2116,1632,483,1,0,484,0.228733459357278
8b0db33b7e49be6bfa38d8084449d1c065059282,58cc2a3 356 commits back from current GitHub head Hash:8b0db33b7e49be6bfa38d8084449d1c065059282,,24.697,2487,2253,233,0,0,233,0.0936871733011661,8b0db33b7e49be6bfa38d8084449d1c065059282,58cc2a3 356 commits back from current GitHub head Hash:8b0db33b7e49be6bfa38d8084449d1c065059282,,24.466,2296,1,2294,0,0,2294,0.999128919860627,8b0db33b7e49be6bfa38d8084449d1c065059282,356_8b0db33b7e49be6bfa38d8084449d1c065059282_Results,,0.695,2109,2067,42,0,0,42,0.0199146514935989
8dae7a7daba27aeaf25a489b0a2ea0f5e7d85e01,5bb9bbc 311 commits back from current GitHub head Hash:8dae7a7daba27aeaf25a489b0a2ea0f5e7d85e01,,21.064,2561,2369,191,0,0,191,0.0745802420929324,8dae7a7daba27aeaf25a489b0a2ea0f5e7d85e01,5bb9bbc 311 commits back from current GitHub head Hash:8dae7a7daba27aeaf25a489b0a2ea0f5e7d85e01,,24.603,2370,1,2368,0,0,2368,0.99915611814346,8dae7a7daba27aeaf25a489b0a2ea0f5e7d85e01,311_8dae7a7daba27aeaf25a489b0a2ea0f5e7d85e01_Results,,0.01,2183,2183,0,0,0,0,0
533121433c15aa5d5d978972873faa26a21f90c9,5c9fd96 318 commits back from current GitHub head Hash:533121433c15aa5d5d978972873faa26a21f90c9,,100.93,2561,662,1898,0,0,1898,0.741116751269036,533121433c15aa5d5d978972873faa26a21f90c9,5c9fd96 318 commits back from current GitHub head Hash:533121433c15aa5d5d978972873faa26a21f90c9,,24.587,2370,1,2368,0,0,2368,0.99915611814346,533121433c15aa5d5d978972873faa26a21f90c9,318_533121433c15aa5d5d978972873faa26a21f90c9_Results,,31.261,2183,155,2021,7,0,2028,0.928996793403573
2c5322c302abdf76ba0fd639db30baf235c0b78b,5d8328d 372 commits back from current GitHub head Hash:2c5322c302abdf76ba0fd639db30baf235c0b78b,,104.997,2459,734,1724,0,0,1724,0.701098007320049,2c5322c302abdf76ba0fd639db30baf235c0b78b,5d8328d 372 commits back from current GitHub head Hash:2c5322c302abdf76ba0fd639db30baf235c0b78b,,24.69,2268,1,2266,0,0,2266,0.999118165784832,2c5322c302abdf76ba0fd639db30baf235c0b78b,372_2c5322c302abdf76ba0fd639db30baf235c0b78b_Results,,28.945,2081,160,1914,7,0,1921,0.923113887554061
81098652b37266bf7ed29d8c1e86c270ae18b79d,5f25497 338 commits back from current GitHub head Hash:81098652b37266bf7ed29d8c1e86c270ae18b79d,,80.247,2497,1192,1304,0,0,1304,0.522226672006408,81098652b37266bf7ed29d8c1e86c270ae18b79d,5f25497 338 commits back from current GitHub head Hash:81098652b37266bf7ed29d8c1e86c270ae18b79d,,24.093,2306,1,2304,0,0,2304,0.999132697311362,81098652b37266bf7ed29d8c1e86c270ae18b79d,338_81098652b37266bf7ed29d8c1e86c270ae18b79d_Results,,28.711,2119,212,1900,7,0,1907,0.899952807928268
a7046b0f6c8791a8938d0bf8f7d6bb0b170d5331,61a8915 396 commits back from current GitHub head Hash:a7046b0f6c8791a8938d0bf8f7d6bb0b170d5331,,169.084,2423,466,1956,0,0,1956,0.807263722657862,a7046b0f6c8791a8938d0bf8f7d6bb0b170d5331,61a8915 396 commits back from current GitHub head Hash:a7046b0f6c8791a8938d0bf8f7d6bb0b170d5331,,41.813,2232,1,2230,0,0,2230,0.99910394265233,a7046b0f6c8791a8938d0bf8f7d6bb0b170d5331,396_a7046b0f6c8791a8938d0bf8f7d6bb0b170d5331_Results,,57.169,2045,100,1937,8,0,1945,0.951100244498778
7f290b5a857d301f93b4ea37bb4aa227fa66f227,61c3fb7 384 commits back from current GitHub head Hash:7f290b5a857d301f93b4ea37bb4aa227fa66f227,,99.883,2418,971,1446,0,0,1446,0.598014888337469,7f290b5a857d301f93b4ea37bb4aa227fa66f227,61c3fb7 384 commits back from current GitHub head Hash:7f290b5a857d301f93b4ea37bb4aa227fa66f227,,26.997,2227,2,2224,0,0,2224,0.998652896273013,7f290b5a857d301f93b4ea37bb4aa227fa66f227,384_7f290b5a857d301f93b4ea37bb4aa227fa66f227_Results,,28.032,2040,221,1811,8,0,1819,0.891666666666667
428a9422037b996e1500d50f278439f1ed3249b1,66b14a7 400 commits back from current GitHub head Hash:428a9422037b996e1500d50f278439f1ed3249b1,,195.024,2422,192,2229,0,0,2229,0.920313790255987,428a9422037b996e1500d50f278439f1ed3249b1,66b14a7 400 commits back from current GitHub head Hash:428a9422037b996e1500d50f278439f1ed3249b1,,41.78,2231,1,2229,0,0,2229,0.999103541012999,428a9422037b996e1500d50f278439f1ed3249b1,400_428a9422037b996e1500d50f278439f1ed3249b1_Results,,54.871,2044,5,2031,8,0,2039,0.997553816046967
029e36e7e4925bb2338b24f220b7c57aaadbda21,6763e50 348 commits back from current GitHub head Hash:029e36e7e4925bb2338b24f220b7c57aaadbda21,,27.97,2488,2211,276,0,0,276,0.110932475884244,029e36e7e4925bb2338b24f220b7c57aaadbda21,6763e50 348 commits back from current GitHub head Hash:029e36e7e4925bb2338b24f220b7c57aaadbda21,,25.393,2297,1,2295,0,0,2295,0.999129299085764,029e36e7e4925bb2338b24f220b7c57aaadbda21,348_029e36e7e4925bb2338b24f220b7c57aaadbda21_Results,,2.188,2110,1982,128,0,0,128,0.0606635071090047
e04f0eec486ddd7c2a3209a6591f89f1ebd69da7,6e0e410 390 commits back from current GitHub head Hash:e04f0eec486ddd7c2a3209a6591f89f1ebd69da7,,85.047,2427,1496,930,0,0,930,0.3831891223733,e04f0eec486ddd7c2a3209a6591f89f1ebd69da7,6e0e410 390 commits back from current GitHub head Hash:e04f0eec486ddd7c2a3209a6591f89f1ebd69da7,,42.63,2236,1,2234,0,0,2234,0.999105545617174,e04f0eec486ddd7c2a3209a6591f89f1ebd69da7,390_e04f0eec486ddd7c2a3209a6591f89f1ebd69da7_Results,,0.007,2049,2049,0,0,0,0,0
dadc431af5cfe465d9fa4b72a9d6dfbff0e77594,740ee47 322 commits back from current GitHub head Hash:dadc431af5cfe465d9fa4b72a9d6dfbff0e77594,,21.947,2542,2350,191,0,0,191,0.0751376868607396,dadc431af5cfe465d9fa4b72a9d6dfbff0e77594,740ee47 322 commits back from current GitHub head Hash:dadc431af5cfe465d9fa4b72a9d6dfbff0e77594,,24,2351,1,2349,0,0,2349,0.999149298170991,dadc431af5cfe465d9fa4b72a9d6dfbff0e77594,322_dadc431af5cfe465d9fa4b72a9d6dfbff0e77594_Results,,0.006,2164,2164,0,0,0,0,0
b83e1fab4c3eb5074547bece3c1bfbefa2ac0a41,75c0d3f 306 commits back from current GitHub head Hash:b83e1fab4c3eb5074547bece3c1bfbefa2ac0a41,,63.357,2565,1539,1025,0,0,1025,0.399610136452242,b83e1fab4c3eb5074547bece3c1bfbefa2ac0a41,75c0d3f 306 commits back from current GitHub head Hash:b83e1fab4c3eb5074547bece3c1bfbefa2ac0a41,,24.273,2374,2,2371,0,0,2371,0.998736310025274,b83e1fab4c3eb5074547bece3c1bfbefa2ac0a41,306_b83e1fab4c3eb5074547bece3c1bfbefa2ac0a41_Results,,1.471,2187,2119,68,0,0,68,0.031092821216278
aa235d606828a19586d1a567c3b7eff44b4635b4,80ce9f3 319 commits back from current GitHub head Hash:aa235d606828a19586d1a567c3b7eff44b4635b4,,42.4,2542,1927,614,0,0,614,0.241542092840283,aa235d606828a19586d1a567c3b7eff44b4635b4,80ce9f3 319 commits back from current GitHub head Hash:aa235d606828a19586d1a567c3b7eff44b4635b4,,23.887,2351,1,2349,0,0,2349,0.999149298170991,aa235d606828a19586d1a567c3b7eff44b4635b4,319_aa235d606828a19586d1a567c3b7eff44b4635b4_Results,,6.675,2164,1741,422,1,0,423,0.19547134935305
819d705fbcc2213c8569278ab648c4ab91fe7eb1,84dc7d5 325 commits back from current GitHub head Hash:819d705fbcc2213c8569278ab648c4ab91fe7eb1,,23.33,2528,2322,205,0,0,205,0.0810917721518987,819d705fbcc2213c8569278ab648c4ab91fe7eb1,84dc7d5 325 commits back from current GitHub head Hash:819d705fbcc2213c8569278ab648c4ab91fe7eb1,,23.977,2337,1,2335,0,0,2335,0.999144201968335,819d705fbcc2213c8569278ab648c4ab91fe7eb1,325_819d705fbcc2213c8569278ab648c4ab91fe7eb1_Results,,0.453,2150,2136,14,0,0,14,0.00651162790697674
1c1a602d0e2d37ecd126ad2de6c682aa4b5b9a11,8a472da 317 commits back from current GitHub head Hash:1c1a602d0e2d37ecd126ad2de6c682aa4b5b9a11,,21.39,2561,2369,191,0,0,191,0.0745802420929324,1c1a602d0e2d37ecd126ad2de6c682aa4b5b9a11,8a472da 317 commits back from current GitHub head Hash:1c1a602d0e2d37ecd126ad2de6c682aa4b5b9a11,,24.81,2370,1,2368,0,0,2368,0.99915611814346,1c1a602d0e2d37ecd126ad2de6c682aa4b5b9a11,317_1c1a602d0e2d37ecd126ad2de6c682aa4b5b9a11_Results,,0.006,2183,2183,0,0,0,0,0
018589cd6b0247c61e962d6d10e12f0f0c094b75,8b11c6f 302 commits back from current GitHub head Hash:018589cd6b0247c61e962d6d10e12f0f0c094b75,,96.243,2569,893,1675,0,0,1675,0.652004671078241,018589cd6b0247c61e962d6d10e12f0f0c094b75,8b11c6f 302 commits back from current GitHub head Hash:018589cd6b0247c61e962d6d10e12f0f0c094b75,,24.74,2378,1,2376,0,0,2376,0.999158957106812,018589cd6b0247c61e962d6d10e12f0f0c094b75,302_018589cd6b0247c61e962d6d10e12f0f0c094b75_Results,,27.632,2191,159,2025,7,0,2032,0.927430397078959
9c1dbfe44df1e07898d6949fb982d3a10f322988,8c41dd9 392 commits back from current GitHub head Hash:9c1dbfe44df1e07898d6949fb982d3a10f322988,,181.537,2425,192,2232,0,0,2232,0.920412371134021,9c1dbfe44df1e07898d6949fb982d3a10f322988,8c41dd9 392 commits back from current GitHub head Hash:9c1dbfe44df1e07898d6949fb982d3a10f322988,,42.03,2234,1,2232,0,0,2232,0.999104744852283,9c1dbfe44df1e07898d6949fb982d3a10f322988,392_9c1dbfe44df1e07898d6949fb982d3a10f322988_Results,,53.469,2047,83,1956,8,0,1964,0.959452857840743
c4cea92a3fa6c4864fd5f58e15829cefcfcb8b73,8d394b0 316 commits back from current GitHub head Hash:c4cea92a3fa6c4864fd5f58e15829cefcfcb8b73,,123.84,2561,192,2368,0,0,2368,0.924638812963686,c4cea92a3fa6c4864fd5f58e15829cefcfcb8b73,8d394b0 316 commits back from current GitHub head Hash:c4cea92a3fa6c4864fd5f58e15829cefcfcb8b73,,24.7,2370,1,2368,0,0,2368,0.99915611814346,c4cea92a3fa6c4864fd5f58e15829cefcfcb8b73,316_c4cea92a3fa6c4864fd5f58e15829cefcfcb8b73_Results,,0.006,2183,2183,0,0,0,0,0
04f7bb5d659404498972d5f2761b49b7f55f3924,8f348be 361 commits back from current GitHub head Hash:04f7bb5d659404498972d5f2761b49b7f55f3924,,44.9,2483,1926,556,0,0,556,0.223922674184454,04f7bb5d659404498972d5f2761b49b7f55f3924,8f348be 361 commits back from current GitHub head Hash:04f7bb5d659404498972d5f2761b49b7f55f3924,,26.68,2292,1,2290,0,0,2290,0.99912739965096,04f7bb5d659404498972d5f2761b49b7f55f3924,361_04f7bb5d659404498972d5f2761b49b7f55f3924_Results,,5.583,2105,1740,364,1,0,365,0.173396674584323
031222d4f4bd541e66f236329591f2427f835174,90b6597 350 commits back from current GitHub head Hash:031222d4f4bd541e66f236329591f2427f835174,,30.283,2488,2211,276,0,0,276,0.110932475884244,031222d4f4bd541e66f236329591f2427f835174,90b6597 350 commits back from current GitHub head Hash:031222d4f4bd541e66f236329591f2427f835174,,26.164,2297,1,2295,0,0,2295,0.999129299085764,031222d4f4bd541e66f236329591f2427f835174,350_031222d4f4bd541e66f236329591f2427f835174_Results,,1.993,2110,1982,128,0,0,128,0.0606635071090047
4304ea6431d14b5f54ba221da548e7ed89846df2,90d9509 397 commits back from current GitHub head Hash:4304ea6431d14b5f54ba221da548e7ed89846df2,,169.11,2423,456,1966,0,0,1966,0.811390837804375,4304ea6431d14b5f54ba221da548e7ed89846df2,90d9509 397 commits back from current GitHub head Hash:4304ea6431d14b5f54ba221da548e7ed89846df2,,42.757,2232,1,2230,0,0,2230,0.99910394265233,4304ea6431d14b5f54ba221da548e7ed89846df2,397_4304ea6431d14b5f54ba221da548e7ed89846df2_Results,,51.147,2045,99,1938,8,0,1946,0.95158924205379
b3edfbdc01c06ffc0d26bbe05ba252d4d7ce5350,9311c0b 363 commits back from current GitHub head Hash:b3edfbdc01c06ffc0d26bbe05ba252d4d7ce5350,,86.037,2481,1187,1293,0,0,1293,0.521160822249093,b3edfbdc01c06ffc0d26bbe05ba252d4d7ce5350,9311c0b 363 commits back from current GitHub head Hash:b3edfbdc01c06ffc0d26bbe05ba252d4d7ce5350,,25.387,2290,1,2288,0,0,2288,0.999126637554585,b3edfbdc01c06ffc0d26bbe05ba252d4d7ce5350,363_b3edfbdc01c06ffc0d26bbe05ba252d4d7ce5350_Results,,27.077,2103,326,1770,7,0,1777,0.844983357108892
d1451bd4aebded9a6faa1564ff7d96e43401f8fd,96bf2ac 387 commits back from current GitHub head Hash:d1451bd4aebded9a6faa1564ff7d96e43401f8fd,,93.953,2405,954,1450,0,0,1450,0.602910602910603,d1451bd4aebded9a6faa1564ff7d96e43401f8fd,96bf2ac 387 commits back from current GitHub head Hash:d1451bd4aebded9a6faa1564ff7d96e43401f8fd,,25.72,2214,1,2212,0,0,2212,0.999096657633243,d1451bd4aebded9a6faa1564ff7d96e43401f8fd,387_d1451bd4aebded9a6faa1564ff7d96e43401f8fd_Results,,26.526,2027,221,1799,7,0,1806,0.890971879625062
aeaf3f1dc342a644f22e381a52687c689157bf77,97bf747 395 commits back from current GitHub head Hash:aeaf3f1dc342a644f22e381a52687c689157bf77,,85.42,2423,1505,917,0,0,917,0.378456458935204,aeaf3f1dc342a644f22e381a52687c689157bf77,97bf747 395 commits back from current GitHub head Hash:aeaf3f1dc342a644f22e381a52687c689157bf77,,41.393,2232,1,2230,0,0,2230,0.99910394265233,aeaf3f1dc342a644f22e381a52687c689157bf77,395_aeaf3f1dc342a644f22e381a52687c689157bf77_Results,,52.511,2045,463,1574,8,0,1582,0.77359413202934
34da77c3bff301243631b355903cf7d81d835fff,99cb2a3 357 commits back from current GitHub head Hash:34da77c3bff301243631b355903cf7d81d835fff,,59.863,2486,1685,800,0,0,800,0.321802091713596,34da77c3bff301243631b355903cf7d81d835fff,99cb2a3 357 commits back from current GitHub head Hash:34da77c3bff301243631b355903cf7d81d835fff,,25.08,2295,1,2293,0,0,2293,0.999128540305011,34da77c3bff301243631b355903cf7d81d835fff,357_34da77c3bff301243631b355903cf7d81d835fff_Results,,0.006,2108,2108,0,0,0,0,0
e490a0d640c9b3ec6af40ceeb1569497aba3682f,9caae11 310 commits back from current GitHub head Hash:e490a0d640c9b3ec6af40ceeb1569497aba3682f,,24.54,2561,2369,191,0,0,191,0.0745802420929324,e490a0d640c9b3ec6af40ceeb1569497aba3682f,9caae11 310 commits back from current GitHub head Hash:e490a0d640c9b3ec6af40ceeb1569497aba3682f,,24.776,2370,1,2368,0,0,2368,0.99915611814346,e490a0d640c9b3ec6af40ceeb1569497aba3682f,310_e490a0d640c9b3ec6af40ceeb1569497aba3682f_Results,,0.006,2183,2183,0,0,0,0,0
d93f112ee0d853e8e6af606dab3ce741e4359495,9e12b47 364 commits back from current GitHub head Hash:d93f112ee0d853e8e6af606dab3ce741e4359495,,138.653,2480,192,2287,0,0,2287,0.922177419354839,d93f112ee0d853e8e6af606dab3ce741e4359495,9e12b47 364 commits back from current GitHub head Hash:d93f112ee0d853e8e6af606dab3ce741e4359495,,24.447,2289,1,2287,0,0,2287,0.99912625600699,d93f112ee0d853e8e6af606dab3ce741e4359495,364_d93f112ee0d853e8e6af606dab3ce741e4359495_Results,,8.866,2102,1619,482,1,0,483,0.229781160799239
3a0b272b83ec4230bc57aaff6af97f51473fb9ca,a2351c0 312 commits back from current GitHub head Hash:3a0b272b83ec4230bc57aaff6af97f51473fb9ca,,20.947,2561,2369,191,0,0,191,0.0745802420929324,3a0b272b83ec4230bc57aaff6af97f51473fb9ca,a2351c0 312 commits back from current GitHub head Hash:3a0b272b83ec4230bc57aaff6af97f51473fb9ca,,24.427,2370,1,2368,0,0,2368,0.99915611814346,3a0b272b83ec4230bc57aaff6af97f51473fb9ca,312_3a0b272b83ec4230bc57aaff6af97f51473fb9ca_Results,,0.007,2183,2183,0,0,0,0,0
81103079e241fb055af2e81c51cdd56c52410fbf,a4f1457 352 commits back from current GitHub head Hash:81103079e241fb055af2e81c51cdd56c52410fbf,,22.063,2487,2295,191,0,0,191,0.0767993566546039,81103079e241fb055af2e81c51cdd56c52410fbf,a4f1457 352 commits back from current GitHub head Hash:81103079e241fb055af2e81c51cdd56c52410fbf,,25.263,2296,1,2294,0,0,2294,0.999128919860627,81103079e241fb055af2e81c51cdd56c52410fbf,352_81103079e241fb055af2e81c51cdd56c52410fbf_Results,,0.006,2109,2109,0,0,0,0,0
2491737e52fc0f3f3c36c0faa2a6b670c5c4ab54,a7b5aab 368 commits back from current GitHub head Hash:2491737e52fc0f3f3c36c0faa2a6b670c5c4ab54,,82.407,2474,1185,1288,0,0,1288,0.520614389652385,2491737e52fc0f3f3c36c0faa2a6b670c5c4ab54,a7b5aab 368 commits back from current GitHub head Hash:2491737e52fc0f3f3c36c0faa2a6b670c5c4ab54,,25.94,2283,1,2281,0,0,2281,0.999123959702146,2491737e52fc0f3f3c36c0faa2a6b670c5c4ab54,368_2491737e52fc0f3f3c36c0faa2a6b670c5c4ab54_Results,,28.845,2096,227,1862,7,0,1869,0.891698473282443
b71ca75905634db33572f554488056e8f53be8bb,afc4ad5 332 commits back from current GitHub head Hash:b71ca75905634db33572f554488056e8f53be8bb,,64.447,2509,1448,1060,0,0,1060,0.422479075328816,b71ca75905634db33572f554488056e8f53be8bb,afc4ad5 332 commits back from current GitHub head Hash:b71ca75905634db33572f554488056e8f53be8bb,,23.793,2318,1,2316,0,0,2316,0.999137187230371,b71ca75905634db33572f554488056e8f53be8bb,332_b71ca75905634db33572f554488056e8f53be8bb_Results,,3.359,2131,1949,182,0,0,182,0.0854059127170343
88229ddcf49232ca1898729a8fe319f3c8782f22,b465e7c 321 commits back from current GitHub head Hash:88229ddcf49232ca1898729a8fe319f3c8782f22,,113.374,2542,458,2083,0,0,2083,0.819433516915814,88229ddcf49232ca1898729a8fe319f3c8782f22,b465e7c 321 commits back from current GitHub head Hash:88229ddcf49232ca1898729a8fe319f3c8782f22,,24.044,2351,1,2349,0,0,2349,0.999149298170991,88229ddcf49232ca1898729a8fe319f3c8782f22,321_88229ddcf49232ca1898729a8fe319f3c8782f22_Results,,0.006,2164,2164,0,0,0,0,0
0546ded7194ae0a80137fd4c0315a26e2c35b65e,b73b876 307 commits back from current GitHub head Hash:0546ded7194ae0a80137fd4c0315a26e2c35b65e,,22.863,2564,2342,221,0,0,221,0.0861934477379095,0546ded7194ae0a80137fd4c0315a26e2c35b65e,b73b876 307 commits back from current GitHub head Hash:0546ded7194ae0a80137fd4c0315a26e2c35b65e,,24.733,2373,2,2370,0,0,2370,0.998735777496839,0546ded7194ae0a80137fd4c0315a26e2c35b65e,307_0546ded7194ae0a80137fd4c0315a26e2c35b65e_Results,,0.984,2186,2149,36,1,0,37,0.0169258920402562
7b79ef5bf6eac503f5d552ede05a21653ca16503,b8324c1 370 commits back from current GitHub head Hash:7b79ef5bf6eac503f5d552ede05a21653ca16503,,85.59,2471,1185,1285,0,0,1285,0.520032375556455,7b79ef5bf6eac503f5d552ede05a21653ca16503,b8324c1 370 commits back from current GitHub head Hash:7b79ef5bf6eac503f5d552ede05a21653ca16503,,26,2280,1,2278,0,0,2278,0.999122807017544,7b79ef5bf6eac503f5d552ede05a21653ca16503,370_7b79ef5bf6eac503f5d552ede05a21653ca16503_Results,,26.335,2093,227,1859,7,0,1866,0.891543239369326
48f7e1d91ef8f2b027c30f8c75c2f12a8c15bf21,b9c058d 376 commits back from current GitHub head Hash:48f7e1d91ef8f2b027c30f8c75c2f12a8c15bf21,,22.327,2441,2249,191,0,0,191,0.0782466202376075,48f7e1d91ef8f2b027c30f8c75c2f12a8c15bf21,b9c058d 376 commits back from current GitHub head Hash:48f7e1d91ef8f2b027c30f8c75c2f12a8c15bf21,,24.31,2250,1,2248,0,0,2248,0.999111111111111,48f7e1d91ef8f2b027c30f8c75c2f12a8c15bf21,376_48f7e1d91ef8f2b027c30f8c75c2f12a8c15bf21_Results,,0.006,2063,2063,0,0,0,0,0
5b06e9e97f61fe8f3ce37e353f20b2cf6975b817,ba6a6c0 349 commits back from current GitHub head Hash:5b06e9e97f61fe8f3ce37e353f20b2cf6975b817,,21.904,2488,2296,191,0,0,191,0.0767684887459807,5b06e9e97f61fe8f3ce37e353f20b2cf6975b817,ba6a6c0 349 commits back from current GitHub head Hash:5b06e9e97f61fe8f3ce37e353f20b2cf6975b817,,24.194,2297,1,2295,0,0,2295,0.999129299085764,5b06e9e97f61fe8f3ce37e353f20b2cf6975b817,349_5b06e9e97f61fe8f3ce37e353f20b2cf6975b817_Results,,0.008,2110,2110,0,0,0,0,0
5aa75ae595927b81efa486cceff73f0f1c14e364,bb59b57 345 commits back from current GitHub head Hash:5aa75ae595927b81efa486cceff73f0f1c14e364,,68.08,2488,1518,969,0,0,969,0.389469453376206,5aa75ae595927b81efa486cceff73f0f1c14e364,bb59b57 345 commits back from current GitHub head Hash:5aa75ae595927b81efa486cceff73f0f1c14e364,,27.3,2297,1,2295,0,0,2295,0.999129299085764,5aa75ae595927b81efa486cceff73f0f1c14e364,345_5aa75ae595927b81efa486cceff73f0f1c14e364_Results,,24.746,2110,317,1786,7,0,1793,0.849763033175355
7f6a01001dae183b26eccbb27cf9fc66838a33b7,be27da4 308 commits back from current GitHub head Hash:7f6a01001dae183b26eccbb27cf9fc66838a33b7,,24.983,2563,2311,251,0,0,251,0.0979321108076473,7f6a01001dae183b26eccbb27cf9fc66838a33b7,be27da4 308 commits back from current GitHub head Hash:7f6a01001dae183b26eccbb27cf9fc66838a33b7,,24.976,2372,1,2370,0,0,2370,0.999156829679595,7f6a01001dae183b26eccbb27cf9fc66838a33b7,308_7f6a01001dae183b26eccbb27cf9fc66838a33b7_Results,,9.663,2185,1502,680,3,0,683,0.312585812356979
93ba0c4b849934b0ce3b5dee58290ddebd600a03,c044c0a 344 commits back from current GitHub head Hash:93ba0c4b849934b0ce3b5dee58290ddebd600a03,,22.66,2488,2295,192,0,0,192,0.0771704180064309,93ba0c4b849934b0ce3b5dee58290ddebd600a03,c044c0a 344 commits back from current GitHub head Hash:93ba0c4b849934b0ce3b5dee58290ddebd600a03,,23.677,2297,1,2295,0,0,2295,0.999129299085764,93ba0c4b849934b0ce3b5dee58290ddebd600a03,344_93ba0c4b849934b0ce3b5dee58290ddebd600a03_Results,,0.056,2110,2109,1,0,0,1,0.0004739336492891
fe001bd5e6128639a963f903e9eede75c4154c45,c0c7686 336 commits back from current GitHub head Hash:fe001bd5e6128639a963f903e9eede75c4154c45,,76.887,2503,1240,1262,0,0,1262,0.504194966040751,fe001bd5e6128639a963f903e9eede75c4154c45,c0c7686 336 commits back from current GitHub head Hash:fe001bd5e6128639a963f903e9eede75c4154c45,,24.02,2312,1,2310,0,0,2310,0.999134948096886,fe001bd5e6128639a963f903e9eede75c4154c45,336_fe001bd5e6128639a963f903e9eede75c4154c45_Results,,23.882,2125,408,1710,7,0,1717,0.808
0311bc0f245baac2cbc5487d92bd50cc8d45fca9,c212b40 360 commits back from current GitHub head Hash:0311bc0f245baac2cbc5487d92bd50cc8d45fca9,,23.987,2485,2263,221,0,0,221,0.088933601609658,0311bc0f245baac2cbc5487d92bd50cc8d45fca9,c212b40 360 commits back from current GitHub head Hash:0311bc0f245baac2cbc5487d92bd50cc8d45fca9,,24.377,2294,1,2292,0,0,2292,0.999128160418483,0311bc0f245baac2cbc5487d92bd50cc8d45fca9,360_0311bc0f245baac2cbc5487d92bd50cc8d45fca9_Results,,8.033,2107,1659,447,1,0,448,0.212624584717608
739433047a856697728ca7e39f4cba5faea28f04,c6941dc 339 commits back from current GitHub head Hash:739433047a856697728ca7e39f4cba5faea28f04,,70.527,2496,1442,1053,0,0,1053,0.421875,739433047a856697728ca7e39f4cba5faea28f04,c6941dc 339 commits back from current GitHub head Hash:739433047a856697728ca7e39f4cba5faea28f04,,23.677,2305,1,2303,0,0,2303,0.999132321041215,739433047a856697728ca7e39f4cba5faea28f04,339_739433047a856697728ca7e39f4cba5faea28f04_Results,,6.506,2118,1682,435,1,0,436,0.205854579792257
61e2a1e315dcd0f71fce2a68131ef1e72c292654,c7f89ea 315 commits back from current GitHub head Hash:61e2a1e315dcd0f71fce2a68131ef1e72c292654,,21.633,2561,2369,191,0,0,191,0.0745802420929324,61e2a1e315dcd0f71fce2a68131ef1e72c292654,c7f89ea 315 commits back from current GitHub head Hash:61e2a1e315dcd0f71fce2a68131ef1e72c292654,,24.237,2370,1,2368,0,0,2368,0.99915611814346,61e2a1e315dcd0f71fce2a68131ef1e72c292654,315_61e2a1e315dcd0f71fce2a68131ef1e72c292654_Results,,0.006,2183,2183,0,0,0,0,0
e31200aeadd22ebe668ef3945e20e0530f748709,cadc06e 331 commits back from current GitHub head Hash:e31200aeadd22ebe668ef3945e20e0530f748709,,62.563,2510,1485,1024,0,0,1024,0.40796812749004,e31200aeadd22ebe668ef3945e20e0530f748709,cadc06e 331 commits back from current GitHub head Hash:e31200aeadd22ebe668ef3945e20e0530f748709,,23.714,2319,1,2317,0,0,2317,0.999137559292799,e31200aeadd22ebe668ef3945e20e0530f748709,331_e31200aeadd22ebe668ef3945e20e0530f748709_Results,,25.489,2132,387,1738,7,0,1745,0.818480300187617
00305b1be52bb498ed1db8205b4e118b6f0ec05d,cd0821f 381 commits back from current GitHub head Hash:00305b1be52bb498ed1db8205b4e118b6f0ec05d,,22.776,2440,2248,191,0,0,191,0.0782786885245902,00305b1be52bb498ed1db8205b4e118b6f0ec05d,cd0821f 381 commits back from current GitHub head Hash:00305b1be52bb498ed1db8205b4e118b6f0ec05d,,26.12,2249,1,2247,0,0,2247,0.999110715873722,00305b1be52bb498ed1db8205b4e118b6f0ec05d,381_00305b1be52bb498ed1db8205b4e118b6f0ec05d_Results,,0.01,2062,2062,0,0,0,0,0
027bfe46cb6559138eb1051f502073011ee27314,d1f1d95 385 commits back from current GitHub head Hash:027bfe46cb6559138eb1051f502073011ee27314,,96.404,2413,1057,1355,0,0,1355,0.561541649399088,027bfe46cb6559138eb1051f502073011ee27314,d1f1d95 385 commits back from current GitHub head Hash:027bfe46cb6559138eb1051f502073011ee27314,,26.446,2222,1,2220,0,0,2220,0.999099909990999,027bfe46cb6559138eb1051f502073011ee27314,385_027bfe46cb6559138eb1051f502073011ee27314_Results,,35.08,2035,221,1807,7,0,1814,0.891400491400491
70120ce0779f1d2c73a0226d04e0015cadf4cf47,d2bcedc 371 commits back from current GitHub head Hash:70120ce0779f1d2c73a0226d04e0015cadf4cf47,,92.12,2463,977,1485,0,0,1485,0.602923264311815,70120ce0779f1d2c73a0226d04e0015cadf4cf47,d2bcedc 371 commits back from current GitHub head Hash:70120ce0779f1d2c73a0226d04e0015cadf4cf47,,24.984,2272,1,2270,0,0,2270,0.999119718309859,70120ce0779f1d2c73a0226d04e0015cadf4cf47,371_70120ce0779f1d2c73a0226d04e0015cadf4cf47_Results,,26.196,2085,221,1857,7,0,1864,0.894004796163069
221beff235ced3ac3e74d056df02e3af052159a5,d3c9d14 341 commits back from current GitHub head Hash:221beff235ced3ac3e74d056df02e3af052159a5,,69.863,2494,1442,1051,0,0,1051,0.421411387329591,221beff235ced3ac3e74d056df02e3af052159a5,d3c9d14 341 commits back from current GitHub head Hash:221beff235ced3ac3e74d056df02e3af052159a5,,23.86,2303,1,2301,0,0,2301,0.999131567520625,221beff235ced3ac3e74d056df02e3af052159a5,341_221beff235ced3ac3e74d056df02e3af052159a5_Results,,7.444,2116,1626,489,1,0,490,0.231568998109641
14c0428df7e4e40b196b9ce731b05a1205f38808,d79b96d 362 commits back from current GitHub head Hash:14c0428df7e4e40b196b9ce731b05a1205f38808,,30.504,2482,2157,324,0,0,324,0.130539887187752,14c0428df7e4e40b196b9ce731b05a1205f38808,d79b96d 362 commits back from current GitHub head Hash:14c0428df7e4e40b196b9ce731b05a1205f38808,,24.22,2291,1,2289,0,0,2289,0.999127018769096,14c0428df7e4e40b196b9ce731b05a1205f38808,362_14c0428df7e4e40b196b9ce731b05a1205f38808_Results,,3.569,2104,1863,241,0,0,241,0.114543726235741
df9ab0039526e5b66f2049a4a05ce3745ecb860d,d86feeb 324 commits back from current GitHub head Hash:df9ab0039526e5b66f2049a4a05ce3745ecb860d,,22.116,2542,2336,205,0,0,205,0.0806451612903226,df9ab0039526e5b66f2049a4a05ce3745ecb860d,d86feeb 324 commits back from current GitHub head Hash:df9ab0039526e5b66f2049a4a05ce3745ecb860d,,24.444,2351,1,2349,0,0,2349,0.999149298170991,df9ab0039526e5b66f2049a4a05ce3745ecb860d,324_df9ab0039526e5b66f2049a4a05ce3745ecb860d_Results,,0.479,2164,2150,14,0,0,14,0.00646950092421442
f8d8b0941c90357b6789e65a974e2d87165f313d,de92411 386 commits back from current GitHub head Hash:f8d8b0941c90357b6789e65a974e2d87165f313d,,87.526,2405,1171,1233,0,0,1233,0.512681912681913,f8d8b0941c90357b6789e65a974e2d87165f313d,de92411 386 commits back from current GitHub head Hash:f8d8b0941c90357b6789e65a974e2d87165f313d,,26.947,2214,1,2212,0,0,2212,0.999096657633243,f8d8b0941c90357b6789e65a974e2d87165f313d,386_f8d8b0941c90357b6789e65a974e2d87165f313d_Results,,0.006,2027,2027,0,0,0,0,0
98678ebef4a288362f636a3ddb70a30f13070ab1,e2d1b20 313 commits back from current GitHub head Hash:98678ebef4a288362f636a3ddb70a30f13070ab1,,21.52,2561,2369,191,0,0,191,0.0745802420929324,98678ebef4a288362f636a3ddb70a30f13070ab1,e2d1b20 313 commits back from current GitHub head Hash:98678ebef4a288362f636a3ddb70a30f13070ab1,,24.076,2370,1,2368,0,0,2368,0.99915611814346,98678ebef4a288362f636a3ddb70a30f13070ab1,313_98678ebef4a288362f636a3ddb70a30f13070ab1_Results,,0.006,2183,2183,0,0,0,0,0
cfafebe1e50cf304e376d930dce7a8411ab2b137,e949ffd 369 commits back from current GitHub head Hash:cfafebe1e50cf304e376d930dce7a8411ab2b137,,27.787,2471,2252,218,0,0,218,0.0882233913395386,cfafebe1e50cf304e376d930dce7a8411ab2b137,e949ffd 369 commits back from current GitHub head Hash:cfafebe1e50cf304e376d930dce7a8411ab2b137,,26.693,2280,1,2278,0,0,2278,0.999122807017544,cfafebe1e50cf304e376d930dce7a8411ab2b137,369_cfafebe1e50cf304e376d930dce7a8411ab2b137_Results,,4.572,2093,2026,67,0,0,67,0.0320114667940755
172f2122d4c233d18495fb487811bd865c096731,eb77cce 309 commits back from current GitHub head Hash:172f2122d4c233d18495fb487811bd865c096731,,46.044,2561,1860,700,0,0,700,0.273330730183522,172f2122d4c233d18495fb487811bd865c096731,eb77cce 309 commits back from current GitHub head Hash:172f2122d4c233d18495fb487811bd865c096731,,24.344,2370,1,2368,0,0,2368,0.99915611814346,172f2122d4c233d18495fb487811bd865c096731,309_172f2122d4c233d18495fb487811bd865c096731_Results,,9.139,2183,1677,503,3,0,506,0.231791113147045
dca52603345d0e1d60f4fb58305ee67a7035e812,f02ede5 399 commits back from current GitHub head Hash:dca52603345d0e1d60f4fb58305ee67a7035e812,,99.61,2423,1285,1137,0,0,1137,0.469252992158481,dca52603345d0e1d60f4fb58305ee67a7035e812,f02ede5 399 commits back from current GitHub head Hash:dca52603345d0e1d60f4fb58305ee67a7035e812,,42.79,2232,1,2230,0,0,2230,0.99910394265233,dca52603345d0e1d60f4fb58305ee67a7035e812,399_dca52603345d0e1d60f4fb58305ee67a7035e812_Results,,48.535,2045,292,1745,8,0,1753,0.85721271393643
82b95da77ab9eba75e422b3b01ad58cb62f1ba2b,f3e5364 355 commits back from current GitHub head Hash:82b95da77ab9eba75e422b3b01ad58cb62f1ba2b,,53.657,2487,1752,734,0,0,734,0.2951347004423,82b95da77ab9eba75e422b3b01ad58cb62f1ba2b,f3e5364 355 commits back from current GitHub head Hash:82b95da77ab9eba75e422b3b01ad58cb62f1ba2b,,25.353,2296,1,2294,0,0,2294,0.999128919860627,82b95da77ab9eba75e422b3b01ad58cb62f1ba2b,355_82b95da77ab9eba75e422b3b01ad58cb62f1ba2b_Results,,28.257,2109,308,1794,7,0,1801,0.853959222380275
86c2f803114631fca7df9e82855728e7e71ad89b,f570ae9 337 commits back from current GitHub head Hash:86c2f803114631fca7df9e82855728e7e71ad89b,,88.436,2502,979,1522,0,0,1522,0.608313349320544,86c2f803114631fca7df9e82855728e7e71ad89b,f570ae9 337 commits back from current GitHub head Hash:86c2f803114631fca7df9e82855728e7e71ad89b,,24,2311,1,2309,0,0,2309,0.999134573777585,86c2f803114631fca7df9e82855728e7e71ad89b,337_86c2f803114631fca7df9e82855728e7e71ad89b_Results,,25.726,2124,294,1823,7,0,1830,0.861581920903955
3a412e5ab2da9ab407fc2ca93c205b00ae8bcefd,f58854f 347 commits back from current GitHub head Hash:3a412e5ab2da9ab407fc2ca93c205b00ae8bcefd,,112.243,2488,753,1734,0,0,1734,0.696945337620579,3a412e5ab2da9ab407fc2ca93c205b00ae8bcefd,f58854f 347 commits back from current GitHub head Hash:3a412e5ab2da9ab407fc2ca93c205b00ae8bcefd,,25.13,2297,1,2295,0,0,2295,0.999129299085764,3a412e5ab2da9ab407fc2ca93c205b00ae8bcefd,347_3a412e5ab2da9ab407fc2ca93c205b00ae8bcefd_Results,,30.082,2110,55,2048,7,0,2055,0.9739336492891
58fff8c2f8688e88ad30faa908545642c0671ae8,fa35255 389 commits back from current GitHub head Hash:58fff8c2f8688e88ad30faa908545642c0671ae8,,24.046,2427,2235,191,0,0,191,0.0786979810465595,58fff8c2f8688e88ad30faa908545642c0671ae8,fa35255 389 commits back from current GitHub head Hash:58fff8c2f8688e88ad30faa908545642c0671ae8,,40.57,2236,1,2234,0,0,2234,0.999105545617174,58fff8c2f8688e88ad30faa908545642c0671ae8,389_58fff8c2f8688e88ad30faa908545642c0671ae8_Results,,0.006,2049,2049,0,0,0,0,0
e5ac9a8473dfdefb8fe2cddae433a9aaa94a5b37,fa934e0 314 commits back from current GitHub head Hash:e5ac9a8473dfdefb8fe2cddae433a9aaa94a5b37,,21,2561,2369,191,0,0,191,0.0745802420929324,e5ac9a8473dfdefb8fe2cddae433a9aaa94a5b37,fa934e0 314 commits back from current GitHub head Hash:e5ac9a8473dfdefb8fe2cddae433a9aaa94a5b37,,24.293,2370,1,2368,0,0,2368,0.99915611814346,e5ac9a8473dfdefb8fe2cddae433a9aaa94a5b37,314_e5ac9a8473dfdefb8fe2cddae433a9aaa94a5b37_Results,,0.006,2183,2183,0,0,0,0,0
dc07e59b0bc5be040e4666af74b64c8be842f05d,faa3e71 382 commits back from current GitHub head Hash:dc07e59b0bc5be040e4666af74b64c8be842f05d,,36.887,2440,2069,370,0,0,370,0.151639344262295,dc07e59b0bc5be040e4666af74b64c8be842f05d,faa3e71 382 commits back from current GitHub head Hash:dc07e59b0bc5be040e4666af74b64c8be842f05d,,27.31,2249,1,2247,0,0,2247,0.999110715873722,dc07e59b0bc5be040e4666af74b64c8be842f05d,382_dc07e59b0bc5be040e4666af74b64c8be842f05d_Results,,2.927,2062,1885,177,0,0,177,0.0858389912706111
7ac27587c0c4f54dc3072dedbeff8e77d14db7dd,feddddc 304 commits back from current GitHub head Hash:7ac27587c0c4f54dc3072dedbeff8e77d14db7dd,,26.053,2567,2291,275,0,0,275,0.107128944292949,7ac27587c0c4f54dc3072dedbeff8e77d14db7dd,feddddc 304 commits back from current GitHub head Hash:7ac27587c0c4f54dc3072dedbeff8e77d14db7dd,,24.773,2376,1,2374,0,0,2374,0.999158249158249,7ac27587c0c4f54dc3072dedbeff8e77d14db7dd,304_7ac27587c0c4f54dc3072dedbeff8e77d14db7dd_Results,,3.657,2189,2001,188,0,0,188,0.0858839652809502
